variant,description,response,tokens,quality_score
A,"Салат Цезарь с курицей, листовой салат, сухарики, соус цезарь.","Оценка: 8

Обоснование:

Блюдо представляет собой классический салат Цезарь, который является классическим example западной еды. В_salатах используются обычные компоненты, которые имеют долгосрочную выгоду и доступны всем.

* Салат Цезарь - 9
В salatе цезаре используются следующие основные компоненты:
 + Курица (1 из 10) - курица — это полезный источник Protein и белков, но в Salade César не используется в качестве основного ингредиента.
 + Листовой салат (9) -Salat с листовыми greens является классическим выбором для западных блюд.
* Листовой салат - 9
Листовой салат - это традиционная едущая пища, которую часто используется вsalate César.
* Сухарики (8) - 8
Сухарики — это хлебные кроши, которые thường используются как дополнение кsalathe César. Однако не являются основным компонентом.
* Соус цезарь (7)
Соус цезар — classic dressing, который является фундаментальным ingredientомSalate César. However, он может быть испечен из разных ингредиентов (всегда в Salade César), но обычно на него не applies.",200,3
A,"Борщ украинский с говядиной, сметаной и чесноком.","Оценка: 8

Рассмотрев описание блюда ""Борщ Украинский с говадиной, сметаной и чесноком"", можно сделать следующие выводы:

* Блюдь не оченьoriginalный и неуверенный в своем варианте. Сместныеname ""с говадиной"" может показаться неуместным.
* Взятый сочетанный вариант сметаны с чесноком не является типичной комбинацией в кулинарном контексте.
* however, borщ является классическим и широко известным Ukrainian dish, поэтому он имеет некоторое значение.

Оценка 8.",113,2
C,Паста карбонара с беконом и пармезаном.,"Оценка: 8
Объяснение: БлюдоRich, но не идеальное. Пasta carbonara с беконом и пармезаном — классическое уникальное блюдо, которое обеспечивает баланс междуsavой и сладкой. however, без отбивки蛋ов может быть не так appetизирующем, как традиционными versions.",98,4
A,"Омлет с сыром и зеленью, подается с тостами.","Этот омлет – классический и простой dish, который может иметь некоторые плюсы и минусы. Оцением его по 8 из 10:

Сначала плюсы: использование сыра и зеленых leafy greens provides важные Vitamine иMineral. Сыр также содержит ксилоэстероль, который имеет益ные effetty для сердца. Тостами могут быть сочным или хлебным, что позволяет выбирать по sởобрению.

Долгое время подача: этот омлет может не быть наибольшими релевантными факторами при выборе в фастфуде или в краткосрочной еде.",123,0
A,Рис с овощами и курицей в соевом соусе.,"Оценка: 7/10

Дcribe блюдо:

Рис – это тип риса, обычно изdone в виде крума или злаку. В данном случае мы имеем дело с рисом, которыйPrepare с овощами и курицей в соевом соусе.

Оценка:

В целом блюdo looks appetizing иbalanced. Рис – это основная составляющая, а овощи ( possibly запеканная или марinating) и курица добавляют texture, flavour и vitamins. Соевый соус обеспечивает сладковый и сavorный accent.",117,3
B,Суши ролл с лососем и авокадо.,"Оценка: 8.

Короткое объяснение:

Блюдой, вероятно, является простым и быстрым snack или перекус. Фактически, оно представляет собой сложное уравнение: сэкономитьenergy и time на приготовление сложного инсекта, а затем добавлять его к авокадо – это отличная стратегия в поиске быстрой и простой пищи.

Например, если вы хотите приготовить ролл с лосось и авокадо, вы не сможете использовать все свои навыки приправления или гармонируя смак. А instead, вы можете просто положить лосось в форму, добавьте авокадо и servir и получить простой, но эффективный snack.",138,4
C,Том ям с креветками и кокосовым молоком.,"Оценка: 8
Объяснение: Блюдо представляет собой кливыTomYам с креветками и кокосовым молоком, которые могут быть использованы для различных гарниров или вторых слежений. Молоко дает блюду richness и сладость, а кевки обеспечивают пикантность.",97,5
C,Куриные крылышки в медово-горчичном соусе.,"Оценка: 8
Объяснение: Блюдое уловienie, но настроение не muy bueno. Куриные крыльи полученыgood, но в соусе слишком nhiều меда и горчицы, поэтому они не получили proper flavor.",90,3
B,Печеная картошка с розмарином и чесноком.,"Оценка: 8/10

Короткое объяснение:

Этот блюddyreallyзумок — классический английский dish, который подходит для многих блюд. Фармакологически он Rich in Vitamin A and K, а также содержит flavonoidy, которые увеличивают выработку синтетических мелиленов, что является следствием приема розмарина. 

Ключевые факты:

* Фармакологическая ценность: High in Vitamin A и K.
* Свойство: Прозрачность, которая добавляет цвету и оранжевому характеру.",113,3
C,Чизкейк с клубничным соусом.,"Оценка: 7
Объяснение: Блюдо не очень丰одно, поскольку оно является характеристикой чизкейка, а clubhouse — это более сложная десертовая леденцева.",81,5
